{
    "intents": [
        {
            "intent": "OrderPizzaIntent",
            "slots": []
        }, {
            "intent": "YesMenuIntent",
            "slots": []
        },{
            "intent": "CustomMenuIntent",
            "slots": []
        },{
            "intent": "CrustIntent",
            "slots": [ {
                    "name": "CrustItem",
                    "type": "LIST_OF_CRUST"
                }]
        },{
            "intent": "SauceIntent",
            "slots": [ {
                    "name": "SauceItem",
                    "type": "LIST_OF_SAUCE"
                }]
        },{
            "intent": "CheeseIntent",
            "slots": [ {
                    "name": "CheeseItem",
                    "type": "LIST_OF_CHEESE"
                }]
        },{
            "intent": "VegToppingsIntent",
            "slots": [ {
                    "name": "VegToppingsItem",
                    "type": "LIST_OF_VEG_TOPPINGS"
                }]
        },{
            "intent": "NonVegToppingsIntent",
            "slots": [ {
                    "name": "NonVegToppingsItem",
                    "type": "LIST_OF_NONVEG_TOPPINGS"
                }]
        },{
            "intent": "SidesIntent",
            "slots": [ {
                    "name": "SidesItem",
                    "type": "LIST_OF_SIDES"
                }]
        },{
            "intent": "MenuItemIntent",
            "slots": [   
               {
                    "name": "MenuItem",
                    "type": "LIST_OF_MENUITEM"
                }            
            ]
        },{
            "intent": "SizeIntent",
            "slots": [   
                {
                    "name": "size",
                    "type": "LIST_OF_SIZE"
                }           
            ]
        },{
            "intent": "DispatchOrderIntent",
            "slots": [  
                 {
                    "name": "DispatchOption",
                    "type": "LIST_OF_DISPATCH"
                }              
            ]
        },{
            "intent": "AddressIntent",
            "slots": [   
                 {
                    "name": "Address",
                    "type": "LIST_OF_LOCATION"
                }              
            ]
        },{
            "intent": "CustomerInfoIntent",
            "slots": [   
                 {
                    "name": "CustomerName",
                    "type": "LIST_OF_CUSTOMER_NAME"
                }              
            ]
        },{
            "intent": "AMAZON.StopIntent",
            "slots": []
        },{
            "intent": "AMAZON.HelpIntent",
            "slots": []
        },
        {
            "intent": "AMAZON.CancelIntent",
            "slots": []
        },
      {"intent":"AMAZON.PauseIntent"}, 
      {"intent":"AMAZON.ResumeIntent"} 
      ]
}
